#,Request Message Type;Message ID,Delay,Max Delay,Diff
1,q,15504560848810002460,272,100,172
2,D,15504560863970011374,493,100,393
3,q,15504560863970020334,225,100,125
4,q,15504560863970020355,3694,100,3594
5,q,15504560863970020357,899,100,799
6,q,15504560863970020378,4467,100,4367
7,q,15504560863970020380,642,100,542
8,q,15504560863970020401,4211,100,4111
9,q,15504560863970020403,378,100,278
10,q,15504560863970020424,3801,100,3701
11,q,15504560863970020426,964,100,864
12,q,15504560863970020447,4552,100,4452
13,q,15504560863970020449,709,100,609
14,q,15504560863970020470,4254,100,4154
15,q,15504560863970020472,404,100,304
16,q,15504560863970020493,3852,100,3752
17,q,15504560863970020516,3588,100,3488
18,q,15504560863970020518,769,100,669
19,q,15504560863970020539,4298,100,4198
20,q,15504560863970020541,235,100,135
21,q,15504560863970020562,3654,100,3554
22,q,15504560863970020564,821,100,721
23,q,15504560863970020585,4260,100,4160
24,q,15504560863970020587,414,100,314
25,q,15504560863970020608,3820,100,3720
26,q,15504560863970020610,998,100,898
27,q,15504560863970020631,4538,100,4438
28,q,15504560863970020633,702,100,602
29,q,15504560863970020654,4243,100,4143
30,q,15504560863970020656,413,100,313
31,q,15504560863970020677,3943,100,3843
32,q,15504560863970020679,106,100,6
33,q,15504560863970020700,3672,100,3572
34,q,15504560863970020702,828,100,728
35,q,15504560863970020723,4386,100,4286
36,q,15504560863970020725,550,100,450
37,q,15504560863970020746,4093,100,3993
38,q,15504560863970021144,652,100,552
39,q,15504560863970021165,4075,100,3975
40,q,15504560863970021167,237,100,137
41,q,15504560863970021188,3784,100,3684
42,q,15504560863970021190,936,100,836
43,q,15504560863970021211,4337,100,4237
44,q,15504560863970021213,474,100,374
45,q,15504560863970021234,3885,100,3785
46,q,15504560863970021257,3602,100,3502
47,q,15504560863970021259,743,100,643
48,q,15504560863970021280,4162,100,4062
49,q,15504560863970021282,316,100,216
50,q,15504560863970021303,3727,100,3627
51,q,15504560863970021305,899,100,799
52,q,15504560863970021326,4425,100,4325
53,q,15504560863970021328,603,100,503
54,q,15504560863970021349,4006,100,3906
55,q,15504560863970021351,545,100,445
56,q,15504560863970021372,3977,100,3877
57,q,15504560863970021374,149,100,49
58,q,15504560863970021395,3572,100,3472
59,q,15504560863970021397,719,100,619
60,q,15504560863970021418,4142,100,4042
61,q,15504560863970021420,360,100,260
62,q,15504560863970021441,3884,100,3784
63,q,15504560863970021464,3545,100,3445
64,q,15504560863970021466,695,100,595
65,q,15504560863970021487,4196,100,4096
66,q,15504560863970021489,373,100,273
67,q,15504560863970021510,3782,100,3682
68,q,15504560863970021512,919,100,819
69,q,15504560863970021533,4340,100,4240
70,q,15504560863970021535,492,100,392
71,q,15504560863970021556,3897,100,3797
72,q,15504560863970021954,832,100,732
73,q,15504560863970021975,4276,100,4176
74,q,15504560863970021977,462,100,362
75,q,15504560863970021998,4035,100,3935
76,q,15504560863970022000,205,100,105
77,q,15504560863970022021,3775,100,3675
78,q,15504560863970022023,1003,100,903
79,q,15504560863970022044,4462,100,4362
80,q,15504560863970022046,643,100,543
81,q,15504560863970022067,4188,100,4088
82,q,15504560863970022069,367,100,267
83,q,15504560863970022090,3993,100,3893
84,q,15504560863970022092,167,100,67
85,q,15504560863970022113,3589,100,3489
86,q,15504560863970022115,755,100,655
87,q,15504560863970022136,4360,100,4260
88,q,15504560863970022138,529,100,429
89,q,15504560863970022159,4124,100,4024
90,q,15504560863970022161,815,100,715
91,q,15504560863970022182,4222,100,4122
92,q,15504560863970022184,373,100,273
93,q,15504560863970022205,3786,100,3686
94,q,15504560863970022207,944,100,844
95,q,15504560863970022228,4368,100,4268
96,q,15504560863970022230,550,100,450
97,q,15504560863970022251,4085,100,3985
98,q,15504560863970022253,248,100,148
99,q,15504560863970022274,3814,100,3714
100,q,15504560863970022276,974,100,874
101,q,15504560863970022297,4479,100,4379
102,q,15504560863970022299,659,100,559
103,q,15504560863970022320,4179,100,4079
104,q,15504560863970022322,331,100,231
105,q,15504560863970022343,3842,100,3742
106,q,15504560863970022345,996,100,896
107,q,15504560863970022366,4507,100,4407
108,q,15504560863970022764,894,100,794
109,q,15504560863970022765,894,100,794
110,q,15504560863970022786,7309,100,7209
111,q,15504560863970022787,7309,100,7209
112,q,15504560863970022789,522,100,422
113,q,15504560863970022790,522,100,422
114,q,15504560863970022811,7036,100,6936
115,q,15504560863970022812,7037,100,6937
116,q,15504560863970022814,231,100,131
117,q,15504560863970022815,231,100,131
118,q,15504560863970022836,6757,100,6657
119,q,15504560863970022837,6757,100,6657
120,q,15504560863970022839,945,100,845
121,q,15504560863970022840,946,100,846
122,q,15504560863970022861,7357,100,7257
123,q,15504560863970022862,7358,100,7258
124,q,15504560863970022864,564,100,464
125,q,15504560863970022865,565,100,465
126,q,15504560863970022886,7088,100,6988
127,q,15504560863970022887,7089,100,6989
128,q,15504560863970022889,292,100,192
129,q,15504560863970022890,292,100,192
130,q,15504560863970022911,6821,100,6721
131,q,15504560863970022912,6821,100,6721
132,q,15504560863970022914,1001,100,901
133,q,15504560863970022915,1003,100,903
134,q,15504560863970022936,7473,100,7373
135,q,15504560863970022937,7474,100,7374
136,q,15504560863970022939,679,100,579
137,q,15504560863970022940,681,100,581
138,q,15504560863970022961,7208,100,7108
139,q,15504560863970022962,7209,100,7109
140,q,15504560863970022964,409,100,309
141,q,15504560863970022965,409,100,309
142,q,15504560863970022986,6937,100,6837
143,q,15504560863970022987,6937,100,6837
144,q,15504560863970023011,6527,100,6427
145,q,15504560863970023012,6528,100,6428
146,q,15504560863970023014,732,100,632
147,q,15504560863970023015,733,100,633
148,q,15504560863970023036,7156,100,7056
149,q,15504560863970023037,7157,100,7057
150,q,15504560863970023039,366,100,266
151,q,15504560863970023040,367,100,267
152,q,15504560863970023061,6824,100,6724
153,q,15504560863970023062,6824,100,6724
154,q,15504560863970023064,1054,100,954
155,q,15504560863970023086,7587,100,7487
156,q,15504560863970023087,6592,100,6492
157,q,15504560863970023089,812,100,712
158,q,15504560863970023090,812,100,712
159,q,15504560863970023111,7492,100,7392
160,q,15504560863970023112,7493,100,7393
161,q,15504560863970023114,729,100,629
162,q,15504560863970023115,729,100,629
163,q,15504560863970023136,7300,100,7200
164,q,15504560863970023137,7300,100,7200
165,q,15504560863970023139,516,100,416
166,q,15504560863970023140,516,100,416
167,q,15504560863970023161,7071,100,6971
168,q,15504560863970023162,7071,100,6971
169,q,15504560863970023164,283,100,183
170,q,15504560863970023165,284,100,184
171,q,15504560863970023186,6891,100,6791
172,q,15504560863970023187,6891,100,6791
173,q,15504560863970023211,6750,100,6650
174,q,15504560863970023212,6752,100,6652
175,q,15504560863970023667,3606,100,3506
176,q,15504560863970023669,792,100,692
177,q,15504560863970023690,4446,100,4346
178,q,15504560863970023692,597,100,497
179,q,15504560863970023713,4237,100,4137
180,q,15504560863970023715,443,100,343
181,q,15504560863970023736,3979,100,3879
182,q,15504560863970023738,160,100,60
183,q,15504560863970023759,3806,100,3706
184,q,15504560863970023761,961,100,861
185,q,15504560863970023782,4588,100,4488
186,q,15504560863970023784,741,100,641
187,q,15504560863970023805,4248,100,4148
188,q,15504560863970023807,415,100,315
189,q,15504560863970023828,4052,100,3952
190,q,15504560863970023830,202,100,102
191,q,15504560863970023851,3831,100,3731
192,q,15504560863970023853,150,100,50
193,q,15504560863970023874,3674,100,3574
194,q,15504560863970023876,839,100,739
195,q,15504560863970023897,4353,100,4253
196,q,15504560863970023899,517,100,417
197,q,15504560863970023920,4032,100,3932
198,q,15504560863970023922,225,100,125
199,q,15504560863970023943,3872,100,3772
200,q,15504560863970023966,3696,100,3596
201,q,15504560863970023968,866,100,766
202,q,15504560863970023989,4472,100,4372
203,q,15504560863970023991,633,100,533
204,q,15504560863970024012,4246,100,4146
205,q,15504560863970024014,406,100,306
206,q,15504560863970024035,4019,100,3919
207,q,15504560863970024037,210,100,110
208,q,15504560863970024058,3836,100,3736
209,q,15504560863970024474,486,100,386
210,q,15504560863970024495,4040,100,3940
211,q,15504560863970024497,202,100,102
212,q,15504560863970024518,3844,100,3744
213,q,15504560863970024520,1021,100,921
214,q,15504560863970024541,4728,100,4628
215,q,15504560863970024543,890,100,790
216,q,15504560863970024564,4441,100,4341
217,q,15504560863970024566,611,100,511
218,q,15504560863970024587,4353,100,4253
219,q,15504560863970024589,627,100,527
220,q,15504560863970024610,4471,100,4371
221,q,15504560863970024612,684,100,584
222,q,15504560863970024633,4221,100,4121
223,q,15504560863970024635,420,100,320
224,q,15504560863970024656,4166,100,4066
225,q,15504560863970024658,346,100,246
226,q,15504560863970024679,3965,100,3865
227,q,15504560863970024681,593,100,493
228,q,15504560863970024702,4095,100,3995
229,q,15504560863970024704,265,100,165
230,q,15504560863970024725,3763,100,3663
231,q,15504560863970024727,898,100,798
232,q,15504560863970024748,4423,100,4323
233,q,15504560863970024750,583,100,483
234,q,15504560863970024771,4213,100,4113
235,q,15504560863970024773,381,100,281
236,q,15504560863970024794,4010,100,3910
237,q,15504560863970024796,171,100,71
238,q,15504560863970024817,3797,100,3697
239,q,15504560863970024819,961,100,861
240,q,15504560863970024840,4605,100,4505
241,q,15504560863970024842,763,100,663
242,q,15504560863970024863,4387,100,4287
243,q,15504560863970024865,548,100,448
244,q,15504560863970024886,4168,100,4068
245,q,15504560863970025302,395,100,295
246,q,15504560863970025323,3902,100,3802
247,q,15504560863970025346,3755,100,3655
248,q,15504560863970025348,906,100,806
249,q,15504560863970025369,4532,100,4432
250,q,15504560863970025371,696,100,596
251,q,15504560863970025392,4215,100,4115
252,q,15504560863970025394,415,100,315
253,q,15504560863970025415,4036,100,3936
254,q,15504560863970025417,199,100,99
255,q,15504560863970025438,3809,100,3709
256,q,15504560863970025440,940,100,840
257,q,15504560863970025461,4445,100,4345
258,q,15504560863970025463,632,100,532
259,q,15504560863970025484,4305,100,4205
260,q,15504560863970025486,469,100,369
261,q,15504560863970025507,4112,100,4012
262,q,15504560863970025509,119,100,19
263,q,15504560863970025530,3664,100,3564
264,q,15504560863970025532,815,100,715
265,q,15504560863970025553,4332,100,4232
266,q,15504560863970025555,484,100,384
267,q,15504560863970025576,3988,100,3888
268,q,15504560863970025578,369,100,269
269,q,15504560863970025599,4015,100,3915
270,q,15504560863970025601,192,100,92
271,q,15504560863970025622,3853,100,3753
272,q,15504560863970025645,3731,100,3631
273,q,15504560863970025647,984,100,884
274,q,15504560863970025668,4646,100,4546
275,q,15504560863970025670,835,100,735
276,q,15504560863970025691,4515,100,4415
277,q,15504560863970025693,689,100,589
278,q,15504560863970025714,4381,100,4281
279,q,15504560863970026130,712,100,612
280,q,15504560863970026151,4240,100,4140
281,q,15504560863970026153,447,100,347
282,q,15504560863970026174,4125,100,4025
283,q,15504560863970026176,274,100,174
284,q,15504560863970026197,3944,100,3844
285,q,15504560863970026220,3594,100,3494
286,q,15504560863970026222,762,100,662
287,q,15504560863970026243,4425,100,4325
288,q,15504560863970026245,590,100,490
289,q,15504560863970026266,4249,100,4149
290,q,15504560863970026268,407,100,307
291,q,15504560863970026289,3918,100,3818
292,q,15504560863970026312,3752,100,3652
293,q,15504560863970026314,931,100,831
294,q,15504560863970026335,4585,100,4485
295,q,15504560863970026337,961,100,861
296,q,15504560863970026358,4478,100,4378
297,q,15504560863970026360,656,100,556
298,q,15504560863970026381,4189,100,4089
299,q,15504560863970026383,351,100,251
300,q,15504560863970026404,3890,100,3790
301,q,15504560863970026427,3701,100,3601
302,q,15504560863970026429,863,100,763
303,q,15504560863970026450,4491,100,4391
304,q,15504560863970026452,648,100,548
305,q,15504560863970026473,4277,100,4177
306,q,15504560863970026475,457,100,357
307,q,15504560863970026496,4055,100,3955
308,q,15504560863970026498,208,100,108
309,q,15504560863970026519,3928,100,3828
310,q,15504560863970026542,3722,100,3622
311,q,15504560863970026961,13373,100,13273
312,q,15504560863970026963,544,100,444
313,q,15504560863970026964,544,100,444
314,q,15504560863970026966,13869,100,13769
315,q,15504560863970026968,1020,100,920
316,q,15504560863970026969,1021,100,921
317,q,15504560863970026971,14343,100,14243
318,q,15504560863970026973,515,100,415
319,q,15504560863970026974,515,100,415
320,q,15504560863970026976,13836,100,13736
321,q,15504560863970026978,1029,100,929
322,q,15504560863970026979,1029,100,929
323,q,15504560863970026981,14355,100,14255
324,q,15504560863970026983,535,100,435
325,q,15504560863970026984,536,100,436
326,q,15504560863970026986,13901,100,13801
327,q,15504560863970026988,1057,100,957
328,q,15504560863970026991,13372,100,13272
329,q,15504560863970026993,524,100,424
330,q,15504560863970026994,527,100,427
331,q,15504560863970026996,13874,100,13774
332,q,15504560863970026998,1069,100,969
333,q,15504560863970027001,13408,100,13308
334,q,15504560863970027003,714,100,614
335,q,15504560863970027004,715,100,615
336,q,15504560863970027006,14014,100,13914
337,q,15504560863970027008,150,100,50
338,q,15504560863970027009,154,100,54
339,q,15504560863970027011,13435,100,13335
340,q,15504560863970027013,587,100,487
341,q,15504560863970027014,592,100,492
342,q,15504560863970027016,13890,100,13790
343,q,15504560863970027018,1030,100,930
344,q,15504560863970027019,1038,100,938
345,q,15504560863970027021,14341,100,14241
346,q,15504560863970027023,484,100,384
347,q,15504560863970027024,486,100,386
348,q,15504560863970027026,13816,100,13716
349,q,15504560863970027028,976,100,876
350,q,15504560863970027029,980,100,880
351,q,15504560863970027031,14313,100,14213
352,q,15504560863970027033,461,100,361
353,q,15504560863970027034,475,100,375
354,q,15504560863970027036,13803,100,13703
355,q,15504560863970027038,942,100,842
356,q,15504560863970027039,943,100,843
357,q,15504560863970027041,14261,100,14161
358,q,15504560863970027043,453,100,353
359,q,15504560863970027044,457,100,357
360,q,15504560863970027046,13779,100,13679
361,q,15504560863970027048,687,100,587
362,q,15504560863970027049,688,100,588
363,q,15504560863970027051,13869,100,13769
364,q,15504560863970027053,997,100,897
365,q,15504560863970027054,999,100,899
366,q,15504560863970027056,14189,100,14089
367,q,15504560863970027058,320,100,220
368,q,15504560863970027059,327,100,227
369,q,15504560863970027061,13538,100,13438
370,q,15504560863970027063,661,100,561
371,q,15504560863970027064,662,100,562
372,q,15504560863970027066,13871,100,13771
373,q,15504560863970027068,1002,100,902
374,q,15504560863970027069,1011,100,911
375,q,15504560863970027071,14188,100,14088
376,q,15504560863970027073,313,100,213
377,q,15504560863970027074,313,100,213
378,q,15504560863970027076,13493,100,13393
379,q,15504560863970027078,610,100,510
380,q,15504560863970027079,610,100,510
381,q,15504560863970027081,13801,100,13701
382,q,15504560863970027083,926,100,826
383,q,15504560863970027084,927,100,827
384,q,15504560863970027086,14108,100,14008
385,q,15504560863970027088,245,100,145
386,q,15504560863970027089,245,100,145
387,q,15504560863970027091,13444,100,13344
388,q,15504560863970027093,173,100,73
389,q,15504560863970027094,174,100,74
390,q,15504560863970027096,13391,100,13291
391,q,15504560863970027098,541,100,441
392,q,15504560863970027099,542,100,442
393,q,15504560863970027101,13743,100,13643
394,q,15504560863970027103,890,100,790
395,q,15504560863970027104,893,100,793
396,q,15504560863970027106,14085,100,13985
397,q,15504560863970027108,232,100,132
398,q,15504560863970027109,234,100,134
399,q,15504560863970027111,13454,100,13354
400,q,15504560863970027113,603,100,503
401,q,15504560863970027114,604,100,504
402,q,15504560863970027116,13799,100,13699
403,q,15504560863970027118,956,100,856
404,q,15504560863970027119,957,100,857
405,q,15504560863970027121,14159,100,14059
406,q,15504560863970027123,328,100,228
407,q,15504560863970027124,329,100,229
408,q,15504560863970027126,13546,100,13446
409,q,15504560863970027128,696,100,596
410,q,15504560863970027129,697,100,597
411,q,15504560863970027131,13927,100,13827
412,q,15504560863970027133,115,100,15
413,q,15504560863970027134,119,100,19
414,q,15504560863970027136,13340,100,13240
415,q,15504560863970027408,1901,100,1801
416,q,15504560863970027413,39064,100,38964
417,q,15504560863970027415,1291,100,1191
418,q,15504560863970027420,38458,100,38358
419,q,15504560863970027422,1645,100,1545
420,q,15504560863970027427,38800,100,38700
421,q,15504560863970027429,2006,100,1906
422,q,15504560863970027434,39151,100,39051
423,q,15504560863970027436,1395,100,1295
424,q,15504560863970027441,38537,100,38437
425,q,15504560863970027443,1710,100,1610
426,q,15504560863970027448,38863,100,38763
427,q,15504560863970027450,1051,100,951
428,q,15504560863970027455,38224,100,38124
429,q,15504560863970027457,1401,100,1301
430,q,15504560863970027462,38593,100,38493
431,q,15504560863970027464,1762,100,1662
432,q,15504560863970027469,38880,100,38780
433,q,15504560863970027471,1058,100,958
434,q,15504560863970027476,34178,100,34078
435,q,15504560863970027478,1323,100,1223
436,q,15504560863970027483,34465,100,34365
437,q,15504560863970027485,1624,100,1524
438,q,15504560863970027490,34763,100,34663
439,D,15504560863970020335,3233,100,3133
440,D,15504560863970020337,3235,100,3135
441,D,15504560863970020340,3239,100,3139
442,D,15504560863970020341,3240,100,3140
443,D,15504560863970020342,3243,100,3143
444,D,15504560863970020343,3246,100,3146
445,D,15504560863970020344,3249,100,3149
446,D,15504560863970020345,3250,100,3150
447,D,15504560863970020346,3252,100,3152
448,D,15504560863970020347,3256,100,3156
449,D,15504560863970020348,3258,100,3158
450,D,15504560863970020349,3259,100,3159
451,D,15504560863970020351,3267,100,3167
452,D,15504560863970020354,3271,100,3171
453,D,15504560863970020358,3904,100,3804
454,D,15504560863970020359,3907,100,3807
455,D,15504560863970020360,3908,100,3808
456,D,15504560863970020361,3909,100,3809
457,D,15504560863970020362,3913,100,3813
458,D,15504560863970020366,3917,100,3817
459,D,15504560863970020367,3917,100,3817
460,D,15504560863970020368,3918,100,3818
461,D,15504560863970020370,3919,100,3819
462,D,15504560863970020371,3920,100,3820
463,D,15504560863970020372,3921,100,3821
464,D,15504560863970020373,3922,100,3822
465,D,15504560863970020374,3923,100,3823
466,D,15504560863970020375,3925,100,3825
467,D,15504560863970020376,3926,100,3826
468,D,15504560863970020377,3928,100,3828
469,D,15504560863970020381,3647,100,3547
470,D,15504560863970020382,3649,100,3549
471,D,15504560863970020383,3651,100,3551
472,D,15504560863970020384,3652,100,3552
473,D,15504560863970020385,3653,100,3553
474,D,15504560863970020386,3655,100,3555
475,D,15504560863970020387,3656,100,3556
476,D,15504560863970020388,3657,100,3557
477,D,15504560863970020390,3658,100,3558
478,D,15504560863970020391,3661,100,3561
479,D,15504560863970020394,3663,100,3563
480,D,15504560863970020396,3664,100,3564
481,D,15504560863970020397,3665,100,3565
482,D,15504560863970020398,3669,100,3569
483,D,15504560863970020399,3670,100,3570
484,D,15504560863970020400,3671,100,3571
485,D,15504560863970020404,3383,100,3283
486,D,15504560863970020405,3385,100,3285
487,D,15504560863970020407,3386,100,3286
488,D,15504560863970020409,3388,100,3288
489,D,15504560863970020410,3390,100,3290
490,D,15504560863970020412,3393,100,3293
491,D,15504560863970020415,3402,100,3302
492,D,15504560863970020420,3405,100,3305
493,D,15504560863970020423,3407,100,3307
494,D,15504560863970020427,3970,100,3870
495,D,15504560863970020429,3972,100,3872
496,D,15504560863970020431,3974,100,3874
497,D,15504560863970020432,3975,100,3875
498,D,15504560863970020433,3976,100,3876
499,D,15504560863970020435,3978,100,3878
500,D,15504560863970020436,3983,100,3883
501,D,15504560863970020441,3985,100,3885
502,D,15504560863970020442,3985,100,3885
503,D,15504560863970020443,3986,100,3886
504,D,15504560863970020444,3986,100,3886
505,D,15504560863970020445,3988,100,3888
506,D,15504560863970020446,3989,100,3889
507,D,15504560863970020450,3715,100,3615
508,D,15504560863970020452,3716,100,3616
509,D,15504560863970020454,3718,100,3618
510,D,15504560863970020455,3720,100,3620
511,D,15504560863970020456,3721,100,3621
512,D,15504560863970020457,3722,100,3622
513,D,15504560863970020458,3723,100,3623
514,D,15504560863970020460,3725,100,3625
515,D,15504560863970020461,3732,100,3632
516,D,15504560863970020466,3733,100,3633
517,D,15504560863970020467,3733,100,3633
518,D,15504560863970020469,3740,100,3640
519,D,15504560863970020473,3410,100,3310
520,D,15504560863970020474,3411,100,3311
521,D,15504560863970020475,3412,100,3312
522,D,15504560863970020476,3414,100,3314
523,D,15504560863970020477,3415,100,3315
524,D,15504560863970020479,3417,100,3317
525,D,15504560863970020480,3419,100,3319
526,D,15504560863970020482,3420,100,3320
527,D,15504560863970020483,3422,100,3322
528,D,15504560863970020484,3423,100,3323
529,D,15504560863970020486,3426,100,3326
530,D,15504560863970020487,3427,100,3327
531,D,15504560863970020488,3429,100,3329
532,D,15504560863970020490,3431,100,3331
533,D,15504560863970020492,3434,100,3334
534,D,15504560863970020496,3040,100,2940
535,D,15504560863970020498,3042,100,2942
536,D,15504560863970020499,3043,100,2943
537,D,15504560863970020501,3045,100,2945
538,D,15504560863970020503,3046,100,2946
539,D,15504560863970020504,3047,100,2947
540,D,15504560863970020505,3048,100,2948
541,D,15504560863970020506,3049,100,2949
542,D,15504560863970020507,3050,100,2950
543,D,15504560863970020508,3051,100,2951
544,D,15504560863970020509,3052,100,2952
545,D,15504560863970020510,3053,100,2953
546,D,15504560863970020511,3055,100,2955
547,D,15504560863970020512,3056,100,2956
548,D,15504560863970020513,3058,100,2958
549,D,15504560863970020514,3060,100,2960
550,D,15504560863970020515,3063,100,2963
551,D,15504560863970020519,3774,100,3674
552,D,15504560863970020521,3776,100,3676
553,D,15504560863970020523,3778,100,3678
554,D,15504560863970020525,3780,100,3680
555,D,15504560863970020526,3781,100,3681
556,D,15504560863970020527,3782,100,3682
557,D,15504560863970020529,3787,100,3687
558,D,15504560863970020531,3789,100,3689
559,D,15504560863970020533,3790,100,3690
560,D,15504560863970020534,3792,100,3692
561,D,15504560863970020536,3793,100,3693
562,D,15504560863970020537,3795,100,3695
563,D,15504560863970020538,3809,100,3709
564,D,15504560863970020542,3241,100,3141
565,D,15504560863970020545,3244,100,3144
566,D,15504560863970020548,3246,100,3146
567,D,15504560863970020549,3247,100,3147
568,D,15504560863970020551,3250,100,3150
569,D,15504560863970020555,3254,100,3154
570,D,15504560863970020558,3256,100,3156
571,D,15504560863970020560,3258,100,3158
572,D,15504560863970020561,3260,100,3160
573,D,15504560863970020565,3826,100,3726
574,D,15504560863970020567,3828,100,3728
575,D,15504560863970020568,3829,100,3729
576,D,15504560863970020570,3837,100,3737
577,D,15504560863970020571,3837,100,3737
578,D,15504560863970020575,3839,100,3739
579,D,15504560863970020577,3840,100,3740
580,D,15504560863970020578,3841,100,3741
581,D,15504560863970020579,3843,100,3743
582,D,15504560863970020580,3844,100,3744
583,D,15504560863970020581,3845,100,3745
584,D,15504560863970020582,3846,100,3746
585,D,15504560863970020583,3848,100,3748
586,D,15504560863970020584,3849,100,3749
587,D,15504560863970020588,3419,100,3319
588,D,15504560863970020590,3422,100,3322
589,D,15504560863970020594,3423,100,3323
590,D,15504560863970020595,3425,100,3325
591,D,15504560863970020596,3426,100,3326
592,D,15504560863970020598,3432,100,3332
593,D,15504560863970020603,3432,100,3332
594,D,15504560863970020605,3439,100,3339
595,D,15504560863970020607,3441,100,3341
596,D,15504560863970020611,4003,100,3903
597,D,15504560863970020613,4010,100,3910
598,D,15504560863970020618,4013,100,3913
599,D,15504560863970020622,4014,100,3914
600,D,15504560863970020624,4015,100,3915
601,D,15504560863970020625,4015,100,3915
602,D,15504560863970020626,4016,100,3916
603,D,15504560863970020627,4018,100,3918
604,D,15504560863970020629,4021,100,3921
605,D,15504560863970020630,4022,100,3922
606,D,15504560863970020634,3707,100,3607
607,D,15504560863970020636,3710,100,3610
608,D,15504560863970020639,3712,100,3612
609,D,15504560863970020640,3715,100,3615
610,D,15504560863970020641,3716,100,3616
611,D,15504560863970020642,3718,100,3618
612,D,15504560863970020643,3719,100,3619
613,D,15504560863970020644,3721,100,3621
614,D,15504560863970020646,3735,100,3635
615,D,15504560863970020651,3736,100,3636
616,D,15504560863970020657,3420,100,3320
617,D,15504560863970020659,3422,100,3322
618,D,15504560863970020660,3423,100,3323
619,D,15504560863970020661,3425,100,3325
620,D,15504560863970020664,3427,100,3327
621,D,15504560863970020665,3428,100,3328
622,D,15504560863970020666,3429,100,3329
623,D,15504560863970020667,3430,100,3330
624,D,15504560863970020668,3431,100,3331
625,D,15504560863970020669,3432,100,3332
626,D,15504560863970020670,3433,100,3333
627,D,15504560863970020671,3434,100,3334
628,D,15504560863970020672,3435,100,3335
629,D,15504560863970020673,3436,100,3336
630,D,15504560863970020674,3438,100,3338
631,D,15504560863970020675,3440,100,3340
632,D,15504560863970020676,3441,100,3341
633,D,15504560863970020680,3111,100,3011
634,D,15504560863970020683,3115,100,3015
635,D,15504560863970020686,3129,100,3029
636,D,15504560863970020691,3130,100,3030
637,D,15504560863970020696,3131,100,3031
638,D,15504560863970020703,3833,100,3733
639,D,15504560863970020705,3834,100,3734
640,D,15504560863970020706,3836,100,3736
641,D,15504560863970020708,3838,100,3738
642,D,15504560863970020710,3839,100,3739
643,D,15504560863970020711,3840,100,3740
644,D,15504560863970020713,3842,100,3742
645,D,15504560863970020715,3843,100,3743
646,D,15504560863970020716,3844,100,3744
647,D,15504560863970020717,3845,100,3745
648,D,15504560863970020718,3846,100,3746
649,D,15504560863970020719,3861,100,3761
650,D,15504560863970020722,3864,100,3764
651,D,15504560863970020726,3566,100,3466
652,D,15504560863970020729,3568,100,3468
653,D,15504560863970020730,3569,100,3469
654,D,15504560863970020731,3571,100,3471
655,D,15504560863970020732,3572,100,3472
656,D,15504560863970020734,3574,100,3474
657,D,15504560863970020735,3575,100,3475
658,D,15504560863970020736,3576,100,3476
659,D,15504560863970020738,3581,100,3481
660,D,15504560863970020742,3584,100,3484
661,D,15504560863970020745,3587,100,3487
662,D,15504560863970021145,3657,100,3557
663,D,15504560863970021147,3659,100,3559
664,D,15504560863970021149,3662,100,3562
665,D,15504560863970021151,3668,100,3568
666,D,15504560863970021156,3670,100,3570
667,D,15504560863970021159,3670,100,3570
668,D,15504560863970021160,3670,100,3570
669,D,15504560863970021161,3671,100,3571
670,D,15504560863970021163,3673,100,3573
671,D,15504560863970021164,3674,100,3574
672,D,15504560863970021168,3242,100,3142
673,D,15504560863970021170,3247,100,3147
674,D,15504560863970021173,3250,100,3150
675,D,15504560863970021177,3253,100,3153
676,D,15504560863970021179,3255,100,3155
677,D,15504560863970021180,3255,100,3155
678,D,15504560863970021181,3256,100,3156
679,D,15504560863970021182,3257,100,3157
680,D,15504560863970021183,3258,100,3158
681,D,15504560863970021185,3261,100,3161
682,D,15504560863970021187,3264,100,3164
683,D,15504560863970021191,3941,100,3841
684,D,15504560863970021193,3943,100,3843
685,D,15504560863970021195,3945,100,3845
686,D,15504560863970021197,3946,100,3846
687,D,15504560863970021198,3947,100,3847
688,D,15504560863970021199,3948,100,3848
689,D,15504560863970021201,3965,100,3865
690,D,15504560863970021206,3971,100,3871
691,D,15504560863970021210,3971,100,3871
692,D,15504560863970021214,3479,100,3379
693,D,15504560863970021216,3481,100,3381
694,D,15504560863970021218,3482,100,3382
695,D,15504560863970021219,3484,100,3384
696,D,15504560863970021222,3486,100,3386
697,D,15504560863970021224,3487,100,3387
698,D,15504560863970021225,3489,100,3389
699,D,15504560863970021227,3491,100,3391
700,D,15504560863970021229,3492,100,3392
701,D,15504560863970021231,3494,100,3394
702,D,15504560863970021232,3495,100,3395
703,D,15504560863970021233,3496,100,3396
704,D,15504560863970021237,3053,100,2953
705,D,15504560863970021239,3055,100,2955
706,D,15504560863970021241,3056,100,2956
707,D,15504560863970021242,3057,100,2957
708,D,15504560863970021243,3059,100,2959
709,D,15504560863970021244,3060,100,2960
710,D,15504560863970021246,3062,100,2962
711,D,15504560863970021248,3064,100,2964
712,D,15504560863970021251,3069,100,2969
713,D,15504560863970021256,3073,100,2973
714,D,15504560863970021260,3748,100,3648
715,D,15504560863970021262,3750,100,3650
716,D,15504560863970021263,3752,100,3652
717,D,15504560863970021265,3754,100,3654
718,D,15504560863970021267,3755,100,3655
719,D,15504560863970021269,3762,100,3662
720,D,15504560863970021274,3764,100,3664
721,D,15504560863970021277,3764,100,3664
722,D,15504560863970021278,3764,100,3664
723,D,15504560863970021279,3765,100,3665
724,D,15504560863970021283,3321,100,3221
725,D,15504560863970021285,3323,100,3223
726,D,15504560863970021287,3324,100,3224
727,D,15504560863970021289,3326,100,3226
728,D,15504560863970021290,3327,100,3227
729,D,15504560863970021291,3328,100,3228
730,D,15504560863970021292,3329,100,3229
731,D,15504560863970021293,3329,100,3229
732,D,15504560863970021294,3330,100,3230
733,D,15504560863970021295,3331,100,3231
734,D,15504560863970021296,3332,100,3232
735,D,15504560863970021298,3334,100,3234
736,D,15504560863970021300,3335,100,3235
737,D,15504560863970021302,3336,100,3236
738,D,15504560863970021306,3903,100,3803
739,D,15504560863970021308,3905,100,3805
740,D,15504560863970021309,3906,100,3806
741,D,15504560863970021310,3907,100,3807
742,D,15504560863970021311,3908,100,3808
743,D,15504560863970021312,3910,100,3810
744,D,15504560863970021314,3911,100,3811
745,D,15504560863970021316,3913,100,3813
746,D,15504560863970021320,3917,100,3817
747,D,15504560863970021323,3918,100,3818
748,D,15504560863970021324,3919,100,3819
749,D,15504560863970021325,3920,100,3820
750,D,15504560863970021329,3607,100,3507
751,D,15504560863970021331,3609,100,3509
752,D,15504560863970021333,3610,100,3510
753,D,15504560863970021334,3612,100,3512
754,D,15504560863970021336,3614,100,3514
755,D,15504560863970021337,3615,100,3515
756,D,15504560863970021339,3618,100,3518
757,D,15504560863970021342,3623,100,3523
758,D,15504560863970021346,3625,100,3525
759,D,15504560863970021347,3626,100,3526
760,D,15504560863970021348,3627,100,3527
761,D,15504560863970021352,3555,100,3455
762,D,15504560863970021354,3556,100,3456
763,D,15504560863970021355,3557,100,3457
764,D,15504560863970021356,3558,100,3458
765,D,15504560863970021357,3560,100,3460
766,D,15504560863970021358,3562,100,3462
767,D,15504560863970021361,3565,100,3465
768,D,15504560863970021364,3568,100,3468
769,D,15504560863970021368,3570,100,3470
770,D,15504560863970021371,3579,100,3479
771,D,15504560863970021375,3160,100,3060
772,D,15504560863970021377,3163,100,3063
773,D,15504560863970021379,3173,100,3073
774,D,15504560863970021384,3173,100,3073
775,D,15504560863970021392,3175,100,3075
776,D,15504560863970021393,3175,100,3075
777,D,15504560863970021394,3180,100,3080
778,D,15504560863970021398,3724,100,3624
779,D,15504560863970021399,3727,100,3627
780,D,15504560863970021400,3729,100,3629
781,D,15504560863970021401,3736,100,3636
782,D,15504560863970021406,3737,100,3637
783,D,15504560863970021408,3737,100,3637
784,D,15504560863970021409,3738,100,3638
785,D,15504560863970021410,3744,100,3644
786,D,15504560863970021411,3747,100,3647
787,D,15504560863970021416,3759,100,3659
788,D,15504560863970021421,3366,100,3266
789,D,15504560863970021423,3368,100,3268
790,D,15504560863970021425,3370,100,3270
791,D,15504560863970021426,3371,100,3271
792,D,15504560863970021427,3372,100,3272
793,D,15504560863970021428,3373,100,3273
794,D,15504560863970021430,3375,100,3275
795,D,15504560863970021431,3376,100,3276
796,D,15504560863970021432,3377,100,3277
797,D,15504560863970021434,3389,100,3289
798,D,15504560863970021439,3391,100,3291
799,D,15504560863970021444,3036,100,2936
800,D,15504560863970021446,3038,100,2938
801,D,15504560863970021447,3041,100,2941
802,D,15504560863970021450,3044,100,2944
803,D,15504560863970021453,3051,100,2951
804,D,15504560863970021458,3054,100,2954
805,D,15504560863970021462,3054,100,2954
806,D,15504560863970021463,3055,100,2955
807,D,15504560863970021467,3701,100,3601
808,D,15504560863970021469,3702,100,3602
809,D,15504560863970021471,3704,100,3604
810,D,15504560863970021472,3705,100,3605
811,D,15504560863970021473,3706,100,3606
812,D,15504560863970021474,3707,100,3607
813,D,15504560863970021475,3708,100,3608
814,D,15504560863970021476,3709,100,3609
815,D,15504560863970021478,3710,100,3610
816,D,15504560863970021479,3713,100,3613
817,D,15504560863970021482,3715,100,3615
818,D,15504560863970021486,3724,100,3624
819,D,15504560863970021490,3378,100,3278
820,D,15504560863970021492,3381,100,3281
821,D,15504560863970021495,3383,100,3283
822,D,15504560863970021496,3384,100,3284
823,D,15504560863970021497,3385,100,3285
824,D,15504560863970021498,3387,100,3287
825,D,15504560863970021499,3393,100,3293
826,D,15504560863970021503,3395,100,3295
827,D,15504560863970021505,3396,100,3296
828,D,15504560863970021506,3396,100,3296
829,D,15504560863970021507,3397,100,3297
830,D,15504560863970021508,3399,100,3299
831,D,15504560863970021509,3400,100,3300
832,D,15504560863970021513,3924,100,3824
833,D,15504560863970021515,3926,100,3826
834,D,15504560863970021518,3928,100,3828
835,D,15504560863970021519,3929,100,3829
836,D,15504560863970021520,3931,100,3831
837,D,15504560863970021523,3935,100,3835
838,D,15504560863970021525,3936,100,3836
839,D,15504560863970021528,3940,100,3840
840,D,15504560863970021530,3941,100,3841
841,D,15504560863970021532,3943,100,3843
842,D,15504560863970021536,3497,100,3397
843,D,15504560863970021538,3498,100,3398
844,D,15504560863970021540,3500,100,3400
845,D,15504560863970021542,3502,100,3402
846,D,15504560863970021543,3503,100,3403
847,D,15504560863970021544,3504,100,3404
848,D,15504560863970021546,3506,100,3406
849,D,15504560863970021549,3508,100,3408
850,D,15504560863970021551,3510,100,3410
851,D,15504560863970021553,3520,100,3420
852,D,15504560863970021555,3521,100,3421
853,D,15504560863970021955,3842,100,3742
854,D,15504560863970021956,3843,100,3743
855,D,15504560863970021957,3844,100,3744
856,D,15504560863970021958,3846,100,3746
857,D,15504560863970021959,3847,100,3747
858,D,15504560863970021960,3848,100,3748
859,D,15504560863970021961,3849,100,3749
860,D,15504560863970021962,3851,100,3751
861,D,15504560863970021964,3852,100,3752
862,D,15504560863970021965,3853,100,3753
863,D,15504560863970021966,3855,100,3755
864,D,15504560863970021968,3858,100,3758
865,D,15504560863970021971,3861,100,3761
866,D,15504560863970021972,3865,100,3765
867,D,15504560863970021973,3872,100,3772
868,D,15504560863970021974,3877,100,3777
869,D,15504560863970021978,3466,100,3366
870,D,15504560863970021980,3468,100,3368
871,D,15504560863970021981,3469,100,3369
872,D,15504560863970021982,3472,100,3372
873,D,15504560863970021983,3473,100,3373
874,D,15504560863970021984,3475,100,3375
875,D,15504560863970021985,3477,100,3377
876,D,15504560863970021986,3478,100,3378
877,D,15504560863970021987,3479,100,3379
878,D,15504560863970021988,3481,100,3381
879,D,15504560863970021990,3485,100,3385
880,D,15504560863970021994,3486,100,3386
881,D,15504560863970021995,3487,100,3387
882,D,15504560863970021996,3487,100,3387
883,D,15504560863970021997,3488,100,3388
884,D,15504560863970022001,3210,100,3110
885,D,15504560863970022003,3211,100,3111
886,D,15504560863970022004,3212,100,3112
887,D,15504560863970022005,3214,100,3114
888,D,15504560863970022006,3215,100,3115
889,D,15504560863970022008,3216,100,3116
890,D,15504560863970022009,3220,100,3120
891,D,15504560863970022010,3222,100,3122
892,D,15504560863970022012,3224,100,3124
893,D,15504560863970022013,3224,100,3124
894,D,15504560863970022014,3227,100,3127
895,D,15504560863970022015,3228,100,3128
896,D,15504560863970022016,3229,100,3129
897,D,15504560863970022017,3230,100,3130
898,D,15504560863970022018,3231,100,3131
899,D,15504560863970022019,3232,100,3132
900,D,15504560863970022020,3233,100,3133
901,D,15504560863970022024,4010,100,3910
902,D,15504560863970022025,4012,100,3912
903,D,15504560863970022028,4014,100,3914
904,D,15504560863970022029,4017,100,3917
905,D,15504560863970022030,4020,100,3920
906,D,15504560863970022032,4022,100,3922
907,D,15504560863970022034,4024,100,3924
908,D,15504560863970022036,4025,100,3925
909,D,15504560863970022037,4026,100,3926
910,D,15504560863970022038,4028,100,3928
911,D,15504560863970022040,4029,100,3929
912,D,15504560863970022042,4030,100,3930
913,D,15504560863970022043,4031,100,3931
914,D,15504560863970022047,3648,100,3548
915,D,15504560863970022049,3650,100,3550
916,D,15504560863970022051,3658,100,3558
917,D,15504560863970022054,3661,100,3561
918,D,15504560863970022059,3661,100,3561
919,D,15504560863970022063,3661,100,3561
920,D,15504560863970022066,3663,100,3563
921,D,15504560863970022070,3375,100,3275
922,D,15504560863970022071,3378,100,3278
923,D,15504560863970022072,3379,100,3279
924,D,15504560863970022073,3380,100,3280
925,D,15504560863970022074,3382,100,3282
926,D,15504560863970022075,3383,100,3283
927,D,15504560863970022076,3387,100,3287
928,D,15504560863970022080,3389,100,3289
929,D,15504560863970022082,3400,100,3300
930,D,15504560863970022087,3400,100,3300
931,D,15504560863970022093,3174,100,3074
932,D,15504560863970022095,3175,100,3075
933,D,15504560863970022097,3176,100,3076
934,D,15504560863970022098,3177,100,3077
935,D,15504560863970022099,3178,100,3078
936,D,15504560863970022100,3180,100,3080
937,D,15504560863970022102,3187,100,3087
938,D,15504560863970022107,3189,100,3089
939,D,15504560863970022111,3190,100,3090
940,D,15504560863970022112,3191,100,3091
941,D,15504560863970022116,3760,100,3660
942,D,15504560863970022117,3761,100,3661
943,D,15504560863970022118,3762,100,3662
944,D,15504560863970022120,3763,100,3663
945,D,15504560863970022121,3764,100,3664
946,D,15504560863970022122,3765,100,3665
947,D,15504560863970022123,3767,100,3667
948,D,15504560863970022124,3768,100,3668
949,D,15504560863970022125,3769,100,3669
950,D,15504560863970022126,3770,100,3670
951,D,15504560863970022127,3771,100,3671
952,D,15504560863970022128,3772,100,3672
953,D,15504560863970022131,3775,100,3675
954,D,15504560863970022134,3777,100,3677
955,D,15504560863970022135,3783,100,3683
956,D,15504560863970022139,3534,100,3434
957,D,15504560863970022140,3535,100,3435
958,D,15504560863970022141,3537,100,3437
959,D,15504560863970022142,3538,100,3438
960,D,15504560863970022143,3539,100,3439
961,D,15504560863970022145,3541,100,3441
962,D,15504560863970022147,3553,100,3453
963,D,15504560863970022152,3553,100,3453
964,D,15504560863970022157,3553,100,3453
965,D,15504560863970022158,3555,100,3455
966,D,15504560863970022162,3821,100,3721
967,D,15504560863970022164,3823,100,3723
968,D,15504560863970022165,3824,100,3724
969,D,15504560863970022166,3825,100,3725
970,D,15504560863970022167,3826,100,3726
971,D,15504560863970022168,3827,100,3727
972,D,15504560863970022169,3828,100,3728
973,D,15504560863970022170,3829,100,3729
974,D,15504560863970022171,3831,100,3731
975,D,15504560863970022173,3835,100,3735
976,D,15504560863970022177,3838,100,3738
977,D,15504560863970022178,3839,100,3739
978,D,15504560863970022179,3844,100,3744
979,D,15504560863970022180,3845,100,3745
980,D,15504560863970022181,3846,100,3746
981,D,15504560863970022185,3378,100,3278
982,D,15504560863970022186,3380,100,3280
983,D,15504560863970022187,3381,100,3281
984,D,15504560863970022189,3383,100,3283
985,D,15504560863970022190,3385,100,3285
986,D,15504560863970022191,3386,100,3286
987,D,15504560863970022192,3387,100,3287
988,D,15504560863970022194,3388,100,3288
989,D,15504560863970022195,3390,100,3290
990,D,15504560863970022197,3391,100,3291
991,D,15504560863970022198,3391,100,3291
992,D,15504560863970022199,3392,100,3292
993,D,15504560863970022200,3393,100,3293
994,D,15504560863970022201,3395,100,3295
995,D,15504560863970022203,3396,100,3296
996,D,15504560863970022204,3397,100,3297
997,D,15504560863970022208,3951,100,3851
998,D,15504560863970022212,3953,100,3853
999,D,15504560863970022214,3954,100,3854
1000,D,15504560863970022215,3956,100,3856
1001,D,15504560863970022216,3957,100,3857
1002,D,15504560863970022217,3958,100,3858
1003,D,15504560863970022219,3961,100,3861
1004,D,15504560863970022221,3962,100,3862
1005,D,15504560863970022222,3963,100,3863
1006,D,15504560863970022223,3964,100,3864
1007,D,15504560863970022224,3965,100,3865
1008,D,15504560863970022225,3967,100,3867
1009,D,15504560863970022226,3968,100,3868
1010,D,15504560863970022227,3969,100,3869
1011,D,15504560863970022231,3558,100,3458
1012,D,15504560863970022233,3559,100,3459
1013,D,15504560863970022234,3560,100,3460
1014,D,15504560863970022235,3562,100,3462
1015,D,15504560863970022236,3563,100,3463
1016,D,15504560863970022237,3565,100,3465
1017,D,15504560863970022238,3566,100,3466
1018,D,15504560863970022239,3569,100,3469
1019,D,15504560863970022240,3570,100,3470
1020,D,15504560863970022243,3573,100,3473
1021,D,15504560863970022245,3574,100,3474
1022,D,15504560863970022247,3577,100,3477
1023,D,15504560863970022248,3578,100,3478
1024,D,15504560863970022249,3579,100,3479
1025,D,15504560863970022250,3580,100,3480
1026,D,15504560863970022254,3253,100,3153
1027,D,15504560863970022256,3254,100,3154
1028,D,15504560863970022258,3256,100,3156
1029,D,15504560863970022259,3257,100,3157
1030,D,15504560863970022260,3258,100,3158
1031,D,15504560863970022262,3259,100,3159
1032,D,15504560863970022264,3261,100,3161
1033,D,15504560863970022266,3262,100,3162
1034,D,15504560863970022267,3313,100,3213
1035,D,15504560863970022268,3314,100,3214
1036,D,15504560863970022269,3315,100,3215
1037,D,15504560863970022270,3316,100,3216
1038,D,15504560863970022271,3317,100,3217
1039,D,15504560863970022273,3321,100,3221
1040,D,15504560863970022277,3980,100,3880
1041,D,15504560863970022280,3985,100,3885
1042,D,15504560863970022285,3997,100,3897
1043,D,15504560863970022289,3998,100,3898
1044,D,15504560863970022292,3999,100,3899
1045,D,15504560863970022293,3999,100,3899
1046,D,15504560863970022294,4000,100,3900
1047,D,15504560863970022295,4001,100,3901
1048,D,15504560863970022296,4001,100,3901
1049,D,15504560863970022300,3663,100,3563
1050,D,15504560863970022302,3669,100,3569
1051,D,15504560863970022306,3669,100,3569
1052,D,15504560863970022308,3679,100,3579
1053,D,15504560863970022313,3679,100,3579
1054,D,15504560863970022318,3680,100,3580
1055,D,15504560863970022319,3680,100,3580
1056,D,15504560863970022323,3336,100,3236
1057,D,15504560863970022325,3344,100,3244
1058,D,15504560863970022330,3344,100,3244
1059,D,15504560863970022334,3346,100,3246
1060,D,15504560863970022336,3348,100,3248
1061,D,15504560863970022338,3351,100,3251
1062,D,15504560863970022342,3354,100,3254
1063,D,15504560863970022346,4001,100,3901
1064,D,15504560863970022348,4002,100,3902
1065,D,15504560863970022350,4004,100,3904
1066,D,15504560863970022351,4005,100,3905
1067,D,15504560863970022352,4006,100,3906
1068,D,15504560863970022353,4008,100,3908
1069,D,15504560863970022355,4010,100,3910
1070,D,15504560863970022357,4011,100,3911
1071,D,15504560863970022358,4013,100,3913
1072,D,15504560863970022359,4014,100,3914
1073,D,15504560863970022360,4018,100,3918
1074,D,15504560863970022365,4020,100,3920
1075,D,15504560863970022766,3901,100,3801
1076,D,15504560863970022767,3903,100,3803
1077,D,15504560863970022768,6914,100,6814
1078,D,15504560863970022769,6916,100,6816
1079,D,15504560863970022771,6917,100,6817
1080,D,15504560863970022773,6922,100,6822
1081,D,15504560863970022775,6924,100,6824
1082,D,15504560863970022779,6926,100,6826
1083,D,15504560863970022781,6926,100,6826
1084,D,15504560863970022783,6929,100,6829
1085,D,15504560863970022784,6929,100,6829
1086,D,15504560863970022785,6929,100,6829
1087,D,15504560863970022791,3528,100,3428
1088,D,15504560863970022792,3529,100,3429
1089,D,15504560863970022793,6532,100,6432
1090,D,15504560863970022796,6535,100,6435
1091,D,15504560863970022799,6537,100,6437
1092,D,15504560863970022801,6539,100,6439
1093,D,15504560863970022804,6541,100,6441
1094,D,15504560863970022806,6542,100,6442
1095,D,15504560863970022808,6543,100,6443
1096,D,15504560863970022809,6544,100,6444
1097,D,15504560863970022810,6547,100,6447
1098,D,15504560863970022816,3237,100,3137
1099,D,15504560863970022817,3239,100,3139
1100,D,15504560863970022818,6250,100,6150
1101,D,15504560863970022819,6252,100,6152
1102,D,15504560863970022820,6254,100,6154
1103,D,15504560863970022822,6255,100,6155
1104,D,15504560863970022823,6256,100,6156
1105,D,15504560863970022824,6257,100,6157
1106,D,15504560863970022826,6259,100,6159
1107,D,15504560863970022827,6260,100,6160
1108,D,15504560863970022829,6262,100,6162
1109,D,15504560863970022830,6263,100,6163
1110,D,15504560863970022831,6265,100,6165
1111,D,15504560863970022833,6266,100,6166
1112,D,15504560863970022835,6271,100,6171
1113,D,15504560863970022841,3952,100,3852
1114,D,15504560863970022842,3953,100,3853
1115,D,15504560863970022843,6955,100,6855
1116,D,15504560863970022845,6956,100,6856
1117,D,15504560863970022846,6957,100,6857
1118,D,15504560863970022847,6958,100,6858
1119,D,15504560863970022848,6959,100,6859
1120,D,15504560863970022849,6960,100,6860
1121,D,15504560863970022850,6964,100,6864
1122,D,15504560863970022853,6966,100,6866
1123,D,15504560863970022855,6967,100,6867
1124,D,15504560863970022856,6968,100,6868
1125,D,15504560863970022857,6969,100,6869
1126,D,15504560863970022858,6970,100,6870
1127,D,15504560863970022859,6970,100,6870
1128,D,15504560863970022860,6971,100,6871
1129,D,15504560863970022866,3570,100,3470
1130,D,15504560863970022867,3572,100,3472
1131,D,15504560863970022868,6583,100,6483
1132,D,15504560863970022869,6584,100,6484
1133,D,15504560863970022870,6585,100,6485
1134,D,15504560863970022871,6586,100,6486
1135,D,15504560863970022873,6588,100,6488
1136,D,15504560863970022875,6589,100,6489
1137,D,15504560863970022876,6591,100,6491
1138,D,15504560863970022877,6592,100,6492
1139,D,15504560863970022879,6594,100,6494
1140,D,15504560863970022881,6600,100,6500
1141,D,15504560863970022882,6601,100,6501
1142,D,15504560863970022885,6602,100,6502
1143,D,15504560863970022891,3298,100,3198
1144,D,15504560863970022892,3307,100,3207
1145,D,15504560863970022893,6302,100,6202
1146,D,15504560863970022895,6304,100,6204
1147,D,15504560863970022896,6305,100,6205
1148,D,15504560863970022897,6306,100,6206
1149,D,15504560863970022898,6307,100,6207
1150,D,15504560863970022900,6309,100,6209
1151,D,15504560863970022902,6310,100,6210
1152,D,15504560863970022904,6314,100,6214
1153,D,15504560863970022909,6316,100,6216
1154,D,15504560863970022910,6316,100,6216
1155,D,15504560863970022916,4008,100,3908
1156,D,15504560863970022917,4009,100,3909
1157,D,15504560863970022918,7022,100,6922
1158,D,15504560863970022919,7024,100,6924
1159,D,15504560863970022920,7026,100,6926
1160,D,15504560863970022921,7027,100,6927
1161,D,15504560863970022922,7029,100,6929
1162,D,15504560863970022924,7030,100,6930
1163,D,15504560863970022925,7031,100,6931
1164,D,15504560863970022926,7032,100,6932
1165,D,15504560863970022927,7033,100,6933
1166,D,15504560863970022928,7034,100,6934
1167,D,15504560863970022929,7035,100,6935
1168,D,15504560863970022930,7036,100,6936
1169,D,15504560863970022932,7037,100,6937
1170,D,15504560863970022934,7039,100,6939
1171,D,15504560863970022935,7041,100,6941
1172,D,15504560863970022941,3687,100,3587
1173,D,15504560863970022942,3691,100,3591
1174,D,15504560863970022943,6694,100,6594
1175,D,15504560863970022944,6695,100,6595
1176,D,15504560863970022945,6696,100,6596
1177,D,15504560863970022946,6697,100,6597
1178,D,15504560863970022947,6698,100,6598
1179,D,15504560863970022948,6699,100,6599
1180,D,15504560863970022949,6703,100,6603
1181,D,15504560863970022950,6705,100,6605
1182,D,15504560863970022951,6706,100,6606
1183,D,15504560863970022953,6707,100,6607
1184,D,15504560863970022954,6708,100,6608
1185,D,15504560863970022955,6709,100,6609
1186,D,15504560863970022956,6710,100,6610
1187,D,15504560863970022957,6713,100,6613
1188,D,15504560863970022960,6716,100,6616
1189,D,15504560863970022966,3417,100,3317
1190,D,15504560863970022967,3419,100,3319
1191,D,15504560863970022968,6428,100,6328
1192,D,15504560863970022969,6431,100,6331
1193,D,15504560863970022971,6433,100,6333
1194,D,15504560863970022973,6435,100,6335
1195,D,15504560863970022976,6437,100,6337
1196,D,15504560863970022977,6438,100,6338
1197,D,15504560863970022978,6438,100,6338
1198,D,15504560863970022979,6439,100,6339
1199,D,15504560863970022980,6440,100,6340
1200,D,15504560863970022981,6441,100,6341
1201,D,15504560863970022982,6442,100,6342
1202,D,15504560863970022983,6443,100,6343
1203,D,15504560863970022984,6444,100,6344
1204,D,15504560863970022985,6446,100,6346
1205,D,15504560863970022991,3092,100,2992
1206,D,15504560863970022992,3094,100,2994
1207,D,15504560863970022993,6096,100,5996
1208,D,15504560863970022994,6097,100,5997
1209,D,15504560863970022995,6098,100,5998
1210,D,15504560863970022996,6100,100,6000
1211,D,15504560863970022997,6101,100,6001
1212,D,15504560863970022998,6106,100,6006
1213,D,15504560863970023003,6108,100,6008
1214,D,15504560863970023005,6109,100,6009
1215,D,15504560863970023006,6110,100,6010
1216,D,15504560863970023007,6111,100,6011
1217,D,15504560863970023008,6113,100,6013
1218,D,15504560863970023009,6113,100,6013
1219,D,15504560863970023010,6114,100,6014
1220,D,15504560863970023016,3739,100,3639
1221,D,15504560863970023017,3741,100,3641
1222,D,15504560863970023018,6742,100,6642
1223,D,15504560863970023019,6744,100,6644
1224,D,15504560863970023020,6745,100,6645
1225,D,15504560863970023021,6746,100,6646
1226,D,15504560863970023022,6747,100,6647
1227,D,15504560863970023023,6748,100,6648
1228,D,15504560863970023025,6749,100,6649
1229,D,15504560863970023027,6751,100,6651
1230,D,15504560863970023029,6752,100,6652
1231,D,15504560863970023031,6754,100,6654
1232,D,15504560863970023033,6773,100,6673
1233,D,15504560863970023035,6781,100,6681
1234,D,15504560863970023041,3372,100,3272
1235,D,15504560863970023042,3373,100,3273
1236,D,15504560863970023043,6375,100,6275
1237,D,15504560863970023044,6378,100,6278
1238,D,15504560863970023045,6382,100,6282
1239,D,15504560863970023048,6385,100,6285
1240,D,15504560863970023051,6387,100,6287
1241,D,15504560863970023052,6392,100,6292
1242,D,15504560863970023053,6395,100,6295
1243,D,15504560863970023056,6396,100,6296
1244,D,15504560863970023057,6399,100,6299
1245,D,15504560863970023058,6401,100,6301
1246,D,15504560863970023059,6402,100,6302
1247,D,15504560863970023060,6403,100,6303
1248,D,15504560863970023066,3072,100,2972
1249,D,15504560863970023067,3084,100,2984
1250,D,15504560863970023068,7075,100,6975
1251,D,15504560863970023070,7077,100,6977
1252,D,15504560863970023071,7078,100,6978
1253,D,15504560863970023073,7085,100,6985
1254,D,15504560863970023078,7086,100,6986
1255,D,15504560863970023079,7094,100,6994
1256,D,15504560863970023080,7095,100,6995
1257,D,15504560863970023085,7096,100,6996
1258,D,15504560863970023091,3817,100,3717
1259,D,15504560863970023092,3818,100,3718
1260,D,15504560863970023093,6836,100,6736
1261,D,15504560863970023094,6838,100,6738
1262,D,15504560863970023095,6839,100,6739
1263,D,15504560863970023096,6840,100,6740
1264,D,15504560863970023098,6842,100,6742
1265,D,15504560863970023099,6843,100,6743
1266,D,15504560863970023101,6845,100,6745
1267,D,15504560863970023102,6850,100,6750
1268,D,15504560863970023104,6851,100,6751
1269,D,15504560863970023105,6854,100,6754
1270,D,15504560863970023106,6857,100,6757
1271,D,15504560863970023107,6858,100,6758
1272,D,15504560863970023108,6860,100,6760
1273,D,15504560863970023110,6862,100,6762
1274,D,15504560863970023116,3746,100,3646
1275,D,15504560863970023117,3747,100,3647
1276,D,15504560863970023118,6750,100,6650
1277,D,15504560863970023119,6754,100,6654
1278,D,15504560863970023120,6755,100,6655
1279,D,15504560863970023121,6756,100,6656
1280,D,15504560863970023122,6757,100,6657
1281,D,15504560863970023123,6758,100,6658
1282,D,15504560863970023124,6759,100,6659
1283,D,15504560863970023125,6761,100,6661
1284,D,15504560863970023126,6763,100,6663
1285,D,15504560863970023128,6765,100,6665
1286,D,15504560863970023131,6767,100,6667
1287,D,15504560863970023133,6769,100,6669
1288,D,15504560863970023135,6771,100,6671
1289,D,15504560863970023141,3522,100,3422
1290,D,15504560863970023142,3523,100,3423
1291,D,15504560863970023143,6536,100,6436
1292,D,15504560863970023144,6537,100,6437
1293,D,15504560863970023145,6542,100,6442
1294,D,15504560863970023148,6545,100,6445
1295,D,15504560863970023151,6546,100,6446
1296,D,15504560863970023153,6548,100,6448
1297,D,15504560863970023155,6549,100,6449
1298,D,15504560863970023156,6550,100,6450
1299,D,15504560863970023158,6562,100,6462
1300,D,15504560863970023160,6567,100,6467
1301,D,15504560863970023166,3302,100,3202
1302,D,15504560863970023167,3303,100,3203
1303,D,15504560863970023168,6304,100,6204
1304,D,15504560863970023169,6306,100,6206
1305,D,15504560863970023170,6307,100,6207
1306,D,15504560863970023171,6308,100,6208
1307,D,15504560863970023172,6309,100,6209
1308,D,15504560863970023173,6312,100,6212
1309,D,15504560863970023174,6313,100,6213
1310,D,15504560863970023176,6316,100,6216
1311,D,15504560863970023180,6317,100,6217
1312,D,15504560863970023181,6318,100,6218
1313,D,15504560863970023182,6319,100,6219
1314,D,15504560863970023183,6320,100,6220
1315,D,15504560863970023184,6321,100,6221
1316,D,15504560863970023185,6323,100,6223
1317,D,15504560863970023191,3100,100,3000
1318,D,15504560863970023192,3101,100,3001
1319,D,15504560863970023193,6117,100,6017
1320,D,15504560863970023194,6122,100,6022
1321,D,15504560863970023195,6126,100,6026
1322,D,15504560863970023196,6127,100,6027
1323,D,15504560863970023197,6129,100,6029
1324,D,15504560863970023199,6132,100,6032
1325,D,15504560863970023200,6133,100,6033
1326,D,15504560863970023201,6134,100,6034
1327,D,15504560863970023202,6135,100,6035
1328,D,15504560863970023204,6137,100,6037
1329,D,15504560863970023206,6142,100,6042
1330,D,15504560863970023208,6143,100,6043
1331,D,15504560863970023209,6144,100,6044
1332,D,15504560863970023210,6146,100,6046
1333,D,15504560863970023650,3093,100,2993
1334,D,15504560863970023655,3094,100,2994
1335,D,15504560863970023666,3096,100,2996
1336,D,15504560863970023672,3799,100,3699
1337,D,15504560863970023673,3801,100,3701
1338,D,15504560863970023675,3803,100,3703
1339,D,15504560863970023678,3805,100,3705
1340,D,15504560863970023680,3806,100,3706
1341,D,15504560863970023681,3807,100,3707
1342,D,15504560863970023682,3808,100,3708
1343,D,15504560863970023683,3815,100,3715
1344,D,15504560863970023688,3819,100,3719
1345,D,15504560863970023696,3606,100,3506
1346,D,15504560863970023699,3608,100,3508
1347,D,15504560863970023702,3612,100,3512
1348,D,15504560863970023707,3615,100,3515
1349,D,15504560863970023709,3622,100,3522
1350,D,15504560863970023712,3624,100,3524
1351,D,15504560863970023718,3452,100,3352
1352,D,15504560863970023719,3453,100,3353
1353,D,15504560863970023720,3453,100,3353
1354,D,15504560863970023721,3454,100,3354
1355,D,15504560863970023722,3455,100,3355
1356,D,15504560863970023724,3458,100,3358
1357,D,15504560863970023726,3460,100,3360
1358,D,15504560863970023727,3462,100,3362
1359,D,15504560863970023729,3464,100,3364
1360,D,15504560863970023731,3466,100,3366
1361,D,15504560863970023733,3468,100,3368
1362,D,15504560863970023735,3469,100,3369
1363,D,15504560863970023741,3167,100,3067
1364,D,15504560863970023743,3173,100,3073
1365,D,15504560863970023748,3173,100,3073
1366,D,15504560863970023752,3181,100,3081
1367,D,15504560863970023757,3182,100,3082
1368,D,15504560863970023758,3184,100,3084
1369,D,15504560863970023765,3970,100,3870
1370,D,15504560863970023767,3971,100,3871
1371,D,15504560863970023768,3972,100,3872
1372,D,15504560863970023769,3973,100,3873
1373,D,15504560863970023770,3974,100,3874
1374,D,15504560863970023771,3974,100,3874
1375,D,15504560863970023772,3975,100,3875
1376,D,15504560863970023774,3977,100,3877
1377,D,15504560863970023775,3984,100,3884
1378,D,15504560863970023780,3985,100,3885
1379,D,15504560863970023781,3988,100,3888
1380,D,15504560863970023789,3751,100,3651
1381,D,15504560863970023792,3752,100,3652
1382,D,15504560863970023794,3753,100,3653
1383,D,15504560863970023795,3753,100,3653
1384,D,15504560863970023796,3754,100,3654
1385,D,15504560863970023797,3774,100,3674
1386,D,15504560863970023802,3777,100,3677
1387,D,15504560863970023811,3424,100,3324
1388,D,15504560863970023813,3428,100,3328
1389,D,15504560863970023817,3430,100,3330
1390,D,15504560863970023818,3431,100,3331
1391,D,15504560863970023820,3435,100,3335
1392,D,15504560863970023821,3435,100,3335
1393,D,15504560863970023822,3437,100,3337
1394,D,15504560863970023824,3439,100,3339
1395,D,15504560863970023826,3442,100,3342
1396,D,15504560863970023827,3444,100,3344
1397,D,15504560863970023834,3210,100,3110
1398,D,15504560863970023836,3214,100,3114
1399,D,15504560863970023841,3216,100,3116
1400,D,15504560863970023842,3217,100,3117
1401,D,15504560863970023843,3218,100,3118
1402,D,15504560863970023844,3221,100,3121
1403,D,15504560863970023846,3242,100,3142
1404,D,15504560863970023850,3246,100,3146
1405,D,15504560863970023859,3178,100,3078
1406,D,15504560863970023865,3178,100,3078
1407,D,15504560863970023868,3178,100,3078
1408,D,15504560863970023873,3180,100,3080
1409,D,15504560863970023881,3848,100,3748
1410,D,15504560863970023884,3851,100,3751
1411,D,15504560863970023887,3853,100,3753
1412,D,15504560863970023888,3854,100,3754
1413,D,15504560863970023889,3855,100,3755
1414,D,15504560863970023890,3855,100,3755
1415,D,15504560863970023891,3856,100,3756
1416,D,15504560863970023892,3866,100,3766
1417,D,15504560863970023896,3869,100,3769
1418,D,15504560863970023902,3524,100,3424
1419,D,15504560863970023904,3525,100,3425
1420,D,15504560863970023905,3527,100,3427
1421,D,15504560863970023908,3530,100,3430
1422,D,15504560863970023911,3532,100,3432
1423,D,15504560863970023912,3535,100,3435
1424,D,15504560863970023915,3537,100,3437
1425,D,15504560863970023917,3538,100,3438
1426,D,15504560863970023919,3541,100,3441
1427,D,15504560863970023928,3249,100,3149
1428,D,15504560863970023933,3251,100,3151
1429,D,15504560863970023938,3251,100,3151
1430,D,15504560863970023942,3252,100,3152
1431,D,15504560863970023949,3051,100,2951
1432,D,15504560863970023950,3053,100,2953
1433,D,15504560863970023951,3053,100,2953
1434,D,15504560863970023952,3055,100,2955
1435,D,15504560863970023953,3056,100,2956
1436,D,15504560863970023954,3056,100,2956
1437,D,15504560863970023956,3058,100,2958
1438,D,15504560863970023958,3060,100,2960
1439,D,15504560863970023959,3061,100,2961
1440,D,15504560863970023961,3062,100,2962
1441,D,15504560863970023965,3067,100,2967
1442,D,15504560863970023971,3874,100,3774
1443,D,15504560863970023975,3876,100,3776
1444,D,15504560863970023978,3877,100,3777
1445,D,15504560863970023979,3879,100,3779
1446,D,15504560863970023981,3881,100,3781
1447,D,15504560863970023983,3884,100,3784
1448,D,15504560863970023984,3886,100,3786
1449,D,15504560863970023987,3886,100,3786
1450,D,15504560863970023988,3888,100,3788
1451,D,15504560863970023994,3640,100,3540
1452,D,15504560863970023996,3642,100,3542
1453,D,15504560863970023997,3644,100,3544
1454,D,15504560863970023999,3645,100,3545
1455,D,15504560863970024001,3646,100,3546
1456,D,15504560863970024002,3647,100,3547
1457,D,15504560863970024003,3649,100,3549
1458,D,15504560863970024005,3650,100,3550
1459,D,15504560863970024007,3653,100,3553
1460,D,15504560863970024010,3655,100,3555
1461,D,15504560863970024011,3657,100,3557
1462,D,15504560863970024018,3415,100,3315
1463,D,15504560863970024019,3420,100,3320
1464,D,15504560863970024024,3431,100,3331
1465,D,15504560863970024029,3432,100,3332
1466,D,15504560863970024030,3432,100,3332
1467,D,15504560863970024032,3432,100,3332
1468,D,15504560863970024034,3433,100,3333
1469,D,15504560863970024039,3226,100,3126
1470,D,15504560863970024044,3227,100,3127
1471,D,15504560863970024049,3229,100,3129
1472,D,15504560863970024050,3229,100,3129
1473,D,15504560863970024051,3229,100,3129
1474,D,15504560863970024052,3232,100,3132
1475,D,15504560863970024054,3233,100,3133
1476,D,15504560863970024056,3235,100,3135
1477,D,15504560863970024057,3235,100,3135
1478,D,15504560863970024476,3495,100,3395
1479,D,15504560863970024478,3496,100,3396
1480,D,15504560863970024479,3499,100,3399
1481,D,15504560863970024480,3501,100,3401
1482,D,15504560863970024481,3502,100,3402
1483,D,15504560863970024483,3503,100,3403
1484,D,15504560863970024484,3504,100,3404
1485,D,15504560863970024485,3505,100,3405
1486,D,15504560863970024487,3507,100,3407
1487,D,15504560863970024488,3508,100,3408
1488,D,15504560863970024489,3508,100,3408
1489,D,15504560863970024490,3511,100,3411
1490,D,15504560863970024493,3513,100,3413
1491,D,15504560863970024494,3514,100,3414
1492,D,15504560863970024500,3209,100,3109
1493,D,15504560863970024503,3211,100,3111
1494,D,15504560863970024504,3213,100,3113
1495,D,15504560863970024505,3213,100,3113
1496,D,15504560863970024506,3225,100,3125
1497,D,15504560863970024511,3226,100,3126
1498,D,15504560863970024516,3227,100,3127
1499,D,15504560863970024517,3230,100,3130
1500,D,15504560863970024523,4028,100,3928
1501,D,15504560863970024524,4031,100,3931
1502,D,15504560863970024526,4043,100,3943
1503,D,15504560863970024531,4047,100,3947
1504,D,15504560863970024536,4047,100,3947
1505,D,15504560863970024537,4047,100,3947
1506,D,15504560863970024538,4048,100,3948
1507,D,15504560863970024539,4050,100,3950
1508,D,15504560863970024540,4051,100,3951
1509,D,15504560863970024545,3898,100,3798
1510,D,15504560863970024546,3900,100,3800
1511,D,15504560863970024547,3901,100,3801
1512,D,15504560863970024548,3902,100,3802
1513,D,15504560863970024549,3903,100,3803
1514,D,15504560863970024550,3904,100,3804
1515,D,15504560863970024551,3906,100,3806
1516,D,15504560863970024552,3907,100,3807
1517,D,15504560863970024554,3908,100,3808
1518,D,15504560863970024555,3909,100,3809
1519,D,15504560863970024557,3912,100,3812
1520,D,15504560863970024559,3923,100,3823
1521,D,15504560863970024563,3925,100,3825
1522,D,15504560863970024568,3617,100,3517
1523,D,15504560863970024569,3619,100,3519
1524,D,15504560863970024570,3619,100,3519
1525,D,15504560863970024571,3620,100,3520
1526,D,15504560863970024572,3624,100,3524
1527,D,15504560863970024574,3626,100,3526
1528,D,15504560863970024575,3628,100,3528
1529,D,15504560863970024576,3630,100,3530
1530,D,15504560863970024579,3632,100,3532
1531,D,15504560863970024580,3634,100,3534
1532,D,15504560863970024581,3636,100,3536
1533,D,15504560863970024582,3637,100,3537
1534,D,15504560863970024583,3638,100,3538
1535,D,15504560863970024584,3640,100,3540
1536,D,15504560863970024585,3642,100,3542
1537,D,15504560863970024586,3643,100,3543
1538,D,15504560863970024591,3636,100,3536
1539,D,15504560863970024592,3637,100,3537
1540,D,15504560863970024593,3638,100,3538
1541,D,15504560863970024594,3642,100,3542
1542,D,15504560863970024595,3645,100,3545
1543,D,15504560863970024596,3649,100,3549
1544,D,15504560863970024597,3650,100,3550
1545,D,15504560863970024598,3651,100,3551
1546,D,15504560863970024599,3653,100,3553
1547,D,15504560863970024600,3654,100,3554
1548,D,15504560863970024601,3655,100,3555
1549,D,15504560863970024602,3656,100,3556
1550,D,15504560863970024603,3657,100,3557
1551,D,15504560863970024604,3659,100,3559
1552,D,15504560863970024606,3660,100,3560
1553,D,15504560863970024607,3663,100,3563
1554,D,15504560863970024608,3664,100,3564
1555,D,15504560863970024609,3666,100,3566
1556,D,15504560863970024615,3692,100,3592
1557,D,15504560863970024616,3693,100,3593
1558,D,15504560863970024617,3695,100,3595
1559,D,15504560863970024618,3696,100,3596
1560,D,15504560863970024619,3697,100,3597
1561,D,15504560863970024620,3698,100,3598
1562,D,15504560863970024621,3699,100,3599
1563,D,15504560863970024622,3702,100,3602
1564,D,15504560863970024623,3703,100,3603
1565,D,15504560863970024624,3704,100,3604
1566,D,15504560863970024625,3705,100,3605
1567,D,15504560863970024627,3706,100,3606
1568,D,15504560863970024628,3709,100,3609
1569,D,15504560863970024629,3711,100,3611
1570,D,15504560863970024631,3713,100,3613
1571,D,15504560863970024632,3714,100,3614
1572,D,15504560863970024638,3430,100,3330
1573,D,15504560863970024639,3431,100,3331
1574,D,15504560863970024640,3432,100,3332
1575,D,15504560863970024641,3433,100,3333
1576,D,15504560863970024642,3439,100,3339
1577,D,15504560863970024643,3442,100,3342
1578,D,15504560863970024644,3443,100,3343
1579,D,15504560863970024645,3444,100,3344
1580,D,15504560863970024646,3445,100,3345
1581,D,15504560863970024647,3446,100,3346
1582,D,15504560863970024648,3449,100,3349
1583,D,15504560863970024649,3451,100,3351
1584,D,15504560863970024650,3452,100,3352
1585,D,15504560863970024651,3453,100,3353
1586,D,15504560863970024652,3454,100,3354
1587,D,15504560863970024653,3456,100,3356
1588,D,15504560863970024655,3458,100,3358
1589,D,15504560863970024661,3352,100,3252
1590,D,15504560863970024663,3354,100,3254
1591,D,15504560863970024665,3356,100,3256
1592,D,15504560863970024667,3357,100,3257
1593,D,15504560863970024668,3358,100,3258
1594,D,15504560863970024670,3360,100,3260
1595,D,15504560863970024672,3363,100,3263
1596,D,15504560863970024677,3366,100,3266
1597,D,15504560863970024678,3366,100,3266
1598,D,15504560863970024684,3600,100,3500
1599,D,15504560863970024685,3601,100,3501
1600,D,15504560863970024686,3603,100,3503
1601,D,15504560863970024687,3604,100,3504
1602,D,15504560863970024688,3605,100,3505
1603,D,15504560863970024690,3606,100,3506
1604,D,15504560863970024691,3607,100,3507
1605,D,15504560863970024693,3614,100,3514
1606,D,15504560863970024698,3616,100,3516
1607,D,15504560863970024707,3271,100,3171
1608,D,15504560863970024709,3272,100,3172
1609,D,15504560863970024711,3274,100,3174
1610,D,15504560863970024712,3275,100,3175
1611,D,15504560863970024713,3276,100,3176
1612,D,15504560863970024714,3277,100,3177
1613,D,15504560863970024715,3279,100,3179
1614,D,15504560863970024717,3280,100,3180
1615,D,15504560863970024718,3281,100,3181
1616,D,15504560863970024719,3284,100,3184
1617,D,15504560863970024720,3285,100,3185
1618,D,15504560863970024721,3286,100,3186
1619,D,15504560863970024722,3287,100,3187
1620,D,15504560863970024723,3288,100,3188
1621,D,15504560863970024724,3290,100,3190
1622,D,15504560863970024730,3905,100,3805
1623,D,15504560863970024732,3906,100,3806
1624,D,15504560863970024733,3909,100,3809
1625,D,15504560863970024735,3911,100,3811
1626,D,15504560863970024736,3912,100,3812
1627,D,15504560863970024738,3913,100,3813
1628,D,15504560863970024740,3915,100,3815
1629,D,15504560863970024742,3921,100,3821
1630,D,15504560863970024747,3923,100,3823
1631,D,15504560863970024753,3593,100,3493
1632,D,15504560863970024755,3594,100,3494
1633,D,15504560863970024759,3595,100,3495
1634,D,15504560863970024760,3595,100,3495
1635,D,15504560863970024762,3596,100,3496
1636,D,15504560863970024763,3600,100,3500
1637,D,15504560863970024768,3601,100,3501
1638,D,15504560863970024769,3604,100,3504
1639,D,15504560863970024770,3609,100,3509
1640,D,15504560863970024779,3401,100,3301
1641,D,15504560863970024784,3402,100,3302
1642,D,15504560863970024788,3408,100,3308
1643,D,15504560863970024793,3408,100,3308
1644,D,15504560863970024799,3177,100,3077
1645,D,15504560863970024801,3179,100,3079
1646,D,15504560863970024803,3180,100,3080
1647,D,15504560863970024805,3187,100,3087
1648,D,15504560863970024807,3188,100,3088
1649,D,15504560863970024812,3189,100,3089
1650,D,15504560863970024815,3192,100,3092
1651,D,15504560863970024816,3193,100,3093
1652,D,15504560863970024821,3969,100,3869
1653,D,15504560863970024822,3971,100,3871
1654,D,15504560863970024824,3972,100,3872
1655,D,15504560863970024825,3973,100,3873
1656,D,15504560863970024826,3976,100,3876
1657,D,15504560863970024827,3977,100,3877
1658,D,15504560863970024828,3980,100,3880
1659,D,15504560863970024829,3982,100,3882
1660,D,15504560863970024830,3983,100,3883
1661,D,15504560863970024831,3984,100,3884
1662,D,15504560863970024834,3989,100,3889
1663,D,15504560863970024836,3991,100,3891
1664,D,15504560863970024837,3992,100,3892
1665,D,15504560863970024838,3995,100,3895
1666,D,15504560863970024839,3997,100,3897
1667,D,15504560863970024844,3772,100,3672
1668,D,15504560863970024845,3774,100,3674
1669,D,15504560863970024847,3776,100,3676
1670,D,15504560863970024848,3779,100,3679
1671,D,15504560863970024851,3782,100,3682
1672,D,15504560863970024852,3784,100,3684
1673,D,15504560863970024853,3785,100,3685
1674,D,15504560863970024854,3787,100,3687
1675,D,15504560863970024855,3787,100,3687
1676,D,15504560863970024856,3789,100,3689
1677,D,15504560863970024858,3791,100,3691
1678,D,15504560863970024859,3792,100,3692
1679,D,15504560863970024860,3798,100,3698
1680,D,15504560863970024862,3804,100,3704
1681,D,15504560863970024868,3555,100,3455
1682,D,15504560863970024871,3557,100,3457
1683,D,15504560863970024873,3558,100,3458
1684,D,15504560863970024874,3559,100,3459
1685,D,15504560863970024875,3561,100,3461
1686,D,15504560863970024876,3564,100,3464
1687,D,15504560863970024879,3565,100,3465
1688,D,15504560863970024881,3567,100,3467
1689,D,15504560863970024882,3568,100,3468
1690,D,15504560863970024883,3569,100,3469
1691,D,15504560863970024884,3570,100,3470
1692,D,15504560863970024885,3571,100,3471
1693,D,15504560863970025305,3403,100,3303
1694,D,15504560863970025307,3405,100,3305
1695,D,15504560863970025308,3406,100,3306
1696,D,15504560863970025309,3411,100,3311
1697,D,15504560863970025314,3414,100,3314
1698,D,15504560863970025315,3415,100,3315
1699,D,15504560863970025317,3417,100,3317
1700,D,15504560863970025318,3417,100,3317
1701,D,15504560863970025319,3418,100,3318
1702,D,15504560863970025320,3419,100,3319
1703,D,15504560863970025321,3419,100,3319
1704,D,15504560863970025322,3419,100,3319
1705,D,15504560863970025327,3077,100,2977
1706,D,15504560863970025329,3079,100,2979
1707,D,15504560863970025331,3080,100,2980
1708,D,15504560863970025332,3083,100,2983
1709,D,15504560863970025333,3085,100,2985
1710,D,15504560863970025335,3086,100,2986
1711,D,15504560863970025337,3088,100,2988
1712,D,15504560863970025338,3090,100,2990
1713,D,15504560863970025339,3092,100,2992
1714,D,15504560863970025340,3093,100,2993
1715,D,15504560863970025342,3096,100,2996
1716,D,15504560863970025344,3098,100,2998
1717,D,15504560863970025345,3099,100,2999
1718,D,15504560863970025352,3914,100,3814
1719,D,15504560863970025355,3916,100,3816
1720,D,15504560863970025356,3918,100,3818
1721,D,15504560863970025357,3919,100,3819
1722,D,15504560863970025358,3922,100,3822
1723,D,15504560863970025361,3924,100,3824
1724,D,15504560863970025363,3926,100,3826
1725,D,15504560863970025367,3930,100,3830
1726,D,15504560863970025368,3932,100,3832
1727,D,15504560863970025374,3703,100,3603
1728,D,15504560863970025375,3706,100,3606
1729,D,15504560863970025379,3710,100,3610
1730,D,15504560863970025384,3714,100,3614
1731,D,15504560863970025385,3716,100,3616
1732,D,15504560863970025386,3716,100,3616
1733,D,15504560863970025387,3719,100,3619
1734,D,15504560863970025388,3724,100,3624
1735,D,15504560863970025389,3725,100,3625
1736,D,15504560863970025390,3730,100,3630
1737,D,15504560863970025391,3731,100,3631
1738,D,15504560863970025397,3425,100,3325
1739,D,15504560863970025399,3427,100,3327
1740,D,15504560863970025400,3428,100,3328
1741,D,15504560863970025401,3429,100,3329
1742,D,15504560863970025403,3431,100,3331
1743,D,15504560863970025405,3433,100,3333
1744,D,15504560863970025406,3435,100,3335
1745,D,15504560863970025407,3437,100,3337
1746,D,15504560863970025408,3439,100,3339
1747,D,15504560863970025410,3441,100,3341
1748,D,15504560863970025412,3443,100,3343
1749,D,15504560863970025414,3444,100,3344
1750,D,15504560863970025419,3205,100,3105
1751,D,15504560863970025421,3206,100,3106
1752,D,15504560863970025422,3208,100,3108
1753,D,15504560863970025425,3211,100,3111
1754,D,15504560863970025429,3214,100,3114
1755,D,15504560863970025431,3215,100,3115
1756,D,15504560863970025432,3215,100,3115
1757,D,15504560863970025433,3217,100,3117
1758,D,15504560863970025434,3219,100,3119
1759,D,15504560863970025436,3220,100,3120
1760,D,15504560863970025437,3222,100,3122
1761,D,15504560863970025443,3947,100,3847
1762,D,15504560863970025445,3949,100,3849
1763,D,15504560863970025447,3951,100,3851
1764,D,15504560863970025450,3955,100,3855
1765,D,15504560863970025454,3957,100,3857
1766,D,15504560863970025457,3962,100,3862
1767,D,15504560863970025460,3966,100,3866
1768,D,15504560863970025468,3641,100,3541
1769,D,15504560863970025472,3643,100,3543
1770,D,15504560863970025473,3645,100,3545
1771,D,15504560863970025475,3647,100,3547
1772,D,15504560863970025477,3649,100,3549
1773,D,15504560863970025479,3652,100,3552
1774,D,15504560863970025480,3683,100,3583
1775,D,15504560863970025481,3685,100,3585
1776,D,15504560863970025483,3686,100,3586
1777,D,15504560863970025489,3476,100,3376
1778,D,15504560863970025490,3478,100,3378
1779,D,15504560863970025491,3481,100,3381
1780,D,15504560863970025492,3482,100,3382
1781,D,15504560863970025494,3484,100,3384
1782,D,15504560863970025495,3486,100,3386
1783,D,15504560863970025498,3489,100,3389
1784,D,15504560863970025501,3494,100,3394
1785,D,15504560863970025506,3497,100,3397
1786,D,15504560863970025512,3126,100,3026
1787,D,15504560863970025513,3139,100,3039
1788,D,15504560863970025518,3141,100,3041
1789,D,15504560863970025523,3144,100,3044
1790,D,15504560863970025528,3145,100,3045
1791,D,15504560863970025535,3823,100,3723
1792,D,15504560863970025536,3826,100,3726
1793,D,15504560863970025537,3827,100,3727
1794,D,15504560863970025538,3828,100,3728
1795,D,15504560863970025539,3830,100,3730
1796,D,15504560863970025541,3832,100,3732
1797,D,15504560863970025543,3834,100,3734
1798,D,15504560863970025545,3835,100,3735
1799,D,15504560863970025546,3837,100,3737
1800,D,15504560863970025547,3838,100,3738
1801,D,15504560863970025548,3839,100,3739
1802,D,15504560863970025549,3840,100,3740
1803,D,15504560863970025550,3841,100,3741
1804,D,15504560863970025552,3843,100,3743
1805,D,15504560863970025558,3492,100,3392
1806,D,15504560863970025560,3493,100,3393
1807,D,15504560863970025562,3495,100,3395
1808,D,15504560863970025565,3500,100,3400
1809,D,15504560863970025570,3501,100,3401
1810,D,15504560863970025572,3502,100,3402
1811,D,15504560863970025573,3503,100,3403
1812,D,15504560863970025574,3504,100,3404
1813,D,15504560863970025575,3505,100,3405
1814,D,15504560863970025581,3378,100,3278
1815,D,15504560863970025582,3380,100,3280
1816,D,15504560863970025583,3382,100,3282
1817,D,15504560863970025584,3383,100,3283
1818,D,15504560863970025586,3385,100,3285
1819,D,15504560863970025588,3387,100,3287
1820,D,15504560863970025590,3390,100,3290
1821,D,15504560863970025591,3392,100,3292
1822,D,15504560863970025594,3411,100,3311
1823,D,15504560863970025598,3413,100,3313
1824,D,15504560863970025604,3200,100,3100
1825,D,15504560863970025606,3202,100,3102
1826,D,15504560863970025608,3203,100,3103
1827,D,15504560863970025609,3205,100,3105
1828,D,15504560863970025611,3206,100,3106
1829,D,15504560863970025613,3210,100,3110
1830,D,15504560863970025618,3216,100,3116
1831,D,15504560863970025621,3223,100,3123
1832,D,15504560863970025627,3064,100,2964
1833,D,15504560863970025629,3066,100,2966
1834,D,15504560863970025630,3067,100,2967
1835,D,15504560863970025632,3069,100,2969
1836,D,15504560863970025635,3076,100,2976
1837,D,15504560863970025636,3078,100,2978
1838,D,15504560863970025637,3079,100,2979
1839,D,15504560863970025638,3080,100,2980
1840,D,15504560863970025639,3083,100,2983
1841,D,15504560863970025641,3085,100,2985
1842,D,15504560863970025644,3087,100,2987
1843,D,15504560863970025650,3991,100,3891
1844,D,15504560863970025651,3992,100,3892
1845,D,15504560863970025652,3994,100,3894
1846,D,15504560863970025654,3995,100,3895
1847,D,15504560863970025656,4001,100,3901
1848,D,15504560863970025661,4001,100,3901
1849,D,15504560863970025664,4003,100,3903
1850,D,15504560863970025665,4011,100,3911
1851,D,15504560863970025667,4018,100,3918
1852,D,15504560863970025673,3846,100,3746
1853,D,15504560863970025677,3849,100,3749
1854,D,15504560863970025678,3850,100,3750
1855,D,15504560863970025679,3856,100,3756
1856,D,15504560863970025684,3859,100,3759
1857,D,15504560863970025685,3859,100,3759
1858,D,15504560863970025688,3863,100,3763
1859,D,15504560863970025690,3865,100,3765
1860,D,15504560863970025695,3695,100,3595
1861,D,15504560863970025696,3697,100,3597
1862,D,15504560863970025697,3703,100,3603
1863,D,15504560863970025702,3706,100,3606
1864,D,15504560863970025705,3708,100,3608
1865,D,15504560863970025707,3724,100,3624
1866,D,15504560863970025712,3729,100,3629
1867,D,15504560863970026135,3725,100,3625
1868,D,15504560863970026138,3726,100,3626
1869,D,15504560863970026141,3729,100,3629
1870,D,15504560863970026142,3730,100,3630
1871,D,15504560863970026143,3732,100,3632
1872,D,15504560863970026144,3733,100,3633
1873,D,15504560863970026145,3734,100,3634
1874,D,15504560863970026146,3736,100,3636
1875,D,15504560863970026147,3738,100,3638
1876,D,15504560863970026150,3740,100,3640
1877,D,15504560863970026156,3455,100,3355
1878,D,15504560863970026157,3456,100,3356
1879,D,15504560863970026158,3458,100,3358
1880,D,15504560863970026159,3459,100,3359
1881,D,15504560863970026160,3460,100,3360
1882,D,15504560863970026161,3462,100,3362
1883,D,15504560863970026163,3464,100,3364
1884,D,15504560863970026165,3466,100,3366
1885,D,15504560863970026169,3471,100,3371
1886,D,15504560863970026171,3472,100,3372
1887,D,15504560863970026172,3473,100,3373
1888,D,15504560863970026173,3478,100,3378
1889,D,15504560863970026179,3283,100,3183
1890,D,15504560863970026180,3284,100,3184
1891,D,15504560863970026181,3285,100,3185
1892,D,15504560863970026183,3287,100,3187
1893,D,15504560863970026184,3288,100,3188
1894,D,15504560863970026186,3293,100,3193
1895,D,15504560863970026191,3296,100,3196
1896,D,15504560863970026193,3297,100,3197
1897,D,15504560863970026194,3298,100,3198
1898,D,15504560863970026195,3299,100,3199
1899,D,15504560863970026196,3300,100,3200
1900,D,15504560863970026203,3097,100,2997
1901,D,15504560863970026205,3099,100,2999
1902,D,15504560863970026207,3100,100,3000
1903,D,15504560863970026208,3102,100,3002
1904,D,15504560863970026209,3104,100,3004
1905,D,15504560863970026211,3105,100,3005
1906,D,15504560863970026212,3106,100,3006
1907,D,15504560863970026213,3110,100,3010
1908,D,15504560863970026218,3112,100,3012
1909,D,15504560863970026219,3113,100,3013
1910,D,15504560863970026226,3769,100,3669
1911,D,15504560863970026228,3771,100,3671
1912,D,15504560863970026229,3772,100,3672
1913,D,15504560863970026230,3773,100,3673
1914,D,15504560863970026231,3774,100,3674
1915,D,15504560863970026232,3775,100,3675
1916,D,15504560863970026234,3777,100,3677
1917,D,15504560863970026235,3780,100,3680
1918,D,15504560863970026239,3783,100,3683
1919,D,15504560863970026242,3788,100,3688
1920,D,15504560863970026248,3599,100,3499
1921,D,15504560863970026250,3600,100,3500
1922,D,15504560863970026251,3600,100,3500
1923,D,15504560863970026253,3602,100,3502
1924,D,15504560863970026254,3604,100,3504
1925,D,15504560863970026256,3606,100,3506
1926,D,15504560863970026258,3610,100,3510
1927,D,15504560863970026259,3611,100,3511
1928,D,15504560863970026261,3612,100,3512
1929,D,15504560863970026263,3615,100,3515
1930,D,15504560863970026265,3618,100,3518
1931,D,15504560863970026274,3418,100,3318
1932,D,15504560863970026277,3420,100,3320
1933,D,15504560863970026278,3420,100,3320
1934,D,15504560863970026280,3427,100,3327
1935,D,15504560863970026285,3430,100,3330
1936,D,15504560863970026286,3433,100,3333
1937,D,15504560863970026287,3434,100,3334
1938,D,15504560863970026288,3436,100,3336
1939,D,15504560863970026297,3106,100,3006
1940,D,15504560863970026298,3106,100,3006
1941,D,15504560863970026301,3108,100,3008
1942,D,15504560863970026303,3109,100,3009
1943,D,15504560863970026304,3110,100,3010
1944,D,15504560863970026305,3111,100,3011
1945,D,15504560863970026306,3113,100,3013
1946,D,15504560863970026307,3116,100,3016
1947,D,15504560863970026308,3117,100,3017
1948,D,15504560863970026309,3121,100,3021
1949,D,15504560863970026310,3123,100,3023
1950,D,15504560863970026311,3124,100,3024
1951,D,15504560863970026317,3938,100,3838
1952,D,15504560863970026318,3940,100,3840
1953,D,15504560863970026319,3941,100,3841
1954,D,15504560863970026321,3943,100,3843
1955,D,15504560863970026323,3945,100,3845
1956,D,15504560863970026324,3946,100,3846
1957,D,15504560863970026325,3954,100,3854
1958,D,15504560863970026330,3962,100,3862
1959,D,15504560863970026340,3968,100,3868
1960,D,15504560863970026341,3970,100,3870
1961,D,15504560863970026343,3971,100,3871
1962,D,15504560863970026345,3973,100,3873
1963,D,15504560863970026347,3976,100,3876
1964,D,15504560863970026349,3977,100,3877
1965,D,15504560863970026350,3977,100,3877
1966,D,15504560863970026351,3983,100,3883
1967,D,15504560863970026352,3983,100,3883
1968,D,15504560863970026357,3989,100,3889
1969,D,15504560863970026363,3663,100,3563
1970,D,15504560863970026364,3665,100,3565
1971,D,15504560863970026366,3666,100,3566
1972,D,15504560863970026367,3667,100,3567
1973,D,15504560863970026368,3669,100,3569
1974,D,15504560863970026369,3670,100,3570
1975,D,15504560863970026370,3672,100,3572
1976,D,15504560863970026372,3678,100,3578
1977,D,15504560863970026377,3681,100,3581
1978,D,15504560863970026380,3684,100,3584
1979,D,15504560863970026387,3360,100,3260
1980,D,15504560863970026388,3363,100,3263
1981,D,15504560863970026391,3364,100,3264
1982,D,15504560863970026393,3366,100,3266
1983,D,15504560863970026394,3366,100,3266
1984,D,15504560863970026396,3373,100,3273
1985,D,15504560863970026400,3376,100,3276
1986,D,15504560863970026401,3377,100,3277
1987,D,15504560863970026403,3381,100,3281
1988,D,15504560863970026409,3064,100,2964
1989,D,15504560863970026411,3065,100,2965
1990,D,15504560863970026412,3066,100,2966
1991,D,15504560863970026413,3068,100,2968
1992,D,15504560863970026415,3070,100,2970
1993,D,15504560863970026417,3073,100,2973
1994,D,15504560863970026421,3076,100,2976
1995,D,15504560863970026422,3078,100,2978
1996,D,15504560863970026423,3079,100,2979
1997,D,15504560863970026424,3080,100,2980
1998,D,15504560863970026425,3082,100,2982
1999,D,15504560863970026426,3084,100,2984
2000,D,15504560863970026431,3871,100,3771
2001,D,15504560863970026434,3881,100,3781
2002,D,15504560863970026439,3881,100,3781
2003,D,15504560863970026444,3881,100,3781
2004,D,15504560863970026448,3885,100,3785
2005,D,15504560863970026449,3885,100,3785
2006,D,15504560863970026455,3656,100,3556
2007,D,15504560863970026457,3659,100,3559
2008,D,15504560863970026459,3660,100,3560
2009,D,15504560863970026460,3661,100,3561
2010,D,15504560863970026462,3664,100,3564
2011,D,15504560863970026464,3667,100,3567
2012,D,15504560863970026465,3667,100,3567
2013,D,15504560863970026466,3667,100,3567
2014,D,15504560863970026468,3672,100,3572
2015,D,15504560863970026472,3680,100,3580
2016,D,15504560863970026480,3466,100,3366
2017,D,15504560863970026482,3467,100,3367
2018,D,15504560863970026483,3468,100,3368
2019,D,15504560863970026484,3470,100,3370
2020,D,15504560863970026486,3472,100,3372
2021,D,15504560863970026489,3475,100,3375
2022,D,15504560863970026491,3476,100,3376
2023,D,15504560863970026495,3483,100,3383
2024,D,15504560863970026501,3215,100,3115
2025,D,15504560863970026502,3216,100,3116
2026,D,15504560863970026503,3217,100,3117
2027,D,15504560863970026505,3219,100,3119
2028,D,15504560863970026506,3220,100,3120
2029,D,15504560863970026507,3220,100,3120
2030,D,15504560863970026508,3222,100,3122
2031,D,15504560863970026509,3223,100,3123
2032,D,15504560863970026510,3225,100,3125
2033,D,15504560863970026512,3226,100,3126
2034,D,15504560863970026514,3229,100,3129
2035,D,15504560863970026515,3232,100,3132
2036,D,15504560863970026517,3236,100,3136
2037,D,15504560863970026518,3238,100,3138
2038,D,15504560863970026524,3103,100,3003
2039,D,15504560863970026526,3105,100,3005
2040,D,15504560863970026528,3107,100,3007
2041,D,15504560863970026529,3107,100,3007
2042,D,15504560863970026530,3108,100,3008
2043,D,15504560863970026531,3114,100,3014
2044,D,15504560863970026533,3116,100,3016
2045,D,15504560863970026534,3118,100,3018
2046,D,15504560863970026536,3125,100,3025
2047,D,15504560863970026541,3126,100,3026
2048,D,15504560863970027412,4917,100,4817
2049,D,15504560863970027418,4300,100,4200
2050,D,15504560863970027419,4301,100,4201
2051,D,15504560863970027425,4657,100,4557
2052,D,15504560863970027426,4659,100,4559
2053,D,15504560863970027432,5017,100,4917
2054,D,15504560863970027433,5018,100,4918
2055,D,15504560863970027440,4407,100,4307
2056,D,15504560863970027446,4722,100,4622
2057,D,15504560863970027447,4724,100,4624
2058,D,15504560863970027453,4062,100,3962
2059,D,15504560863970027454,4067,100,3967
2060,D,15504560863970027460,4415,100,4315
2061,D,15504560863970027461,4416,100,4316
2062,D,15504560863970027468,4771,100,4671
2063,D,15504560863970027474,4069,100,3969
2064,D,15504560863970027475,4071,100,3971
2065,D,15504560863970027482,4350,100,4250
2066,D,15504560863970027488,4634,100,4534
2067,D,15504560863970027489,4636,100,4536
2068,D,15504560997310013711,174,100,74
2069,D,15504561356310014637,141,100,41
